framework,operation,device,dimensions,forward_backward,execution_time_us,execution_time_ms,operation_category
PyTorch,add,CPU,128x128,Forward,7.175585,0.007175585,Binary
PyTorch,add,CUDA,128x128,Forward,10.89447,0.01089447,Binary
PyTorch,add,CPU,256x256,Forward,55.710926,0.055710926,Binary
PyTorch,add,CUDA,256x256,Forward,11.075299,0.011075298999999999,Binary
PyTorch,add,CPU,512x512,Forward,45.977559,0.045977559,Binary
PyTorch,add,CUDA,512x512,Forward,10.974664,0.010974664,Binary
PyTorch,add,CPU,1024x1024,Forward,57.008702,0.057008702,Binary
PyTorch,add,CUDA,1024x1024,Forward,11.636184,0.011636184,Binary
PyTorch,sub,CPU,128x128,Forward,7.366614,0.0073666140000000005,Binary
PyTorch,sub,CUDA,128x128,Forward,11.924377,0.011924377,Binary
PyTorch,sub,CPU,256x256,Forward,39.718104,0.039718104,Binary
PyTorch,sub,CUDA,256x256,Forward,11.200772,0.011200772000000001,Binary
PyTorch,sub,CPU,512x512,Forward,40.70243,0.04070243,Binary
PyTorch,sub,CUDA,512x512,Forward,11.73288,0.01173288,Binary
PyTorch,sub,CPU,1024x1024,Forward,1673.295337,1.673295337,Binary
PyTorch,sub,CUDA,1024x1024,Forward,11.980057,0.011980057,Binary
PyTorch,div,CPU,128x128,Forward,7.452901,0.007452901,Binary
PyTorch,div,CUDA,128x128,Forward,11.419032,0.011419031999999999,Binary
PyTorch,div,CPU,256x256,Forward,47.316159,0.047316158999999997,Binary
PyTorch,div,CUDA,256x256,Forward,11.593141,0.011593141,Binary
PyTorch,div,CPU,512x512,Forward,48.040253,0.048040253,Binary
PyTorch,div,CUDA,512x512,Forward,11.403063,0.011403063,Binary
PyTorch,div,CPU,1024x1024,Forward,1603.616387,1.603616387,Binary
PyTorch,div,CUDA,1024x1024,Forward,11.359021,0.011359021,Binary
PyTorch,mul,CPU,128x128,Forward,7.970165,0.007970165,Binary
PyTorch,mul,CUDA,128x128,Forward,11.555256,0.011555256,Binary
PyTorch,mul,CPU,256x256,Forward,44.535771,0.044535770999999995,Binary
PyTorch,mul,CUDA,256x256,Forward,11.650001,0.011650001,Binary
PyTorch,mul,CPU,512x512,Forward,43.278382,0.043278382,Binary
PyTorch,mul,CUDA,512x512,Forward,11.434709,0.011434709,Binary
PyTorch,mul,CPU,1024x1024,Forward,1607.264352,1.6072643519999998,Binary
PyTorch,mul,CUDA,1024x1024,Forward,11.58081,0.01158081,Binary
PyTorch,pow,CPU,128x128,Forward,108.951944,0.108951944,Binary
PyTorch,pow,CUDA,128x128,Forward,13.33887,0.01333887,Binary
PyTorch,pow,CPU,256x256,Forward,1062.171366,1.062171366,Binary
PyTorch,pow,CUDA,256x256,Forward,12.119133,0.012119132999999999,Binary
PyTorch,pow,CPU,512x512,Forward,821.350646,0.821350646,Binary
PyTorch,pow,CUDA,512x512,Forward,12.045521,0.012045521,Binary
PyTorch,pow,CPU,1024x1024,Forward,1093.165611,1.0931656109999999,Binary
PyTorch,pow,CUDA,1024x1024,Forward,12.149627,0.012149627000000001,Binary
PyTorch,add,CPU,128x128,Backward,74.229899,0.074229899,Binary
PyTorch,add,CUDA,128x128,Backward,206.963151,0.206963151,Binary
PyTorch,add,CPU,256x256,Backward,313.837557,0.313837557,Binary
PyTorch,add,CUDA,256x256,Backward,187.978365,0.187978365,Binary
PyTorch,add,CPU,512x512,Backward,334.558835,0.334558835,Binary
PyTorch,add,CUDA,512x512,Backward,177.134203,0.17713420300000002,Binary
PyTorch,add,CPU,1024x1024,Backward,608.012716,0.608012716,Binary
PyTorch,add,CUDA,1024x1024,Backward,199.335172,0.199335172,Binary
PyTorch,sub,CPU,128x128,Backward,80.323373,0.080323373,Binary
PyTorch,sub,CUDA,128x128,Backward,227.03439,0.22703439,Binary
PyTorch,sub,CPU,256x256,Backward,408.553915,0.40855391500000005,Binary
PyTorch,sub,CUDA,256x256,Backward,199.157689,0.199157689,Binary
PyTorch,sub,CPU,512x512,Backward,500.391438,0.500391438,Binary
PyTorch,sub,CUDA,512x512,Backward,227.388204,0.227388204,Binary
PyTorch,sub,CPU,1024x1024,Backward,2959.888429,2.9598884290000003,Binary
PyTorch,sub,CUDA,1024x1024,Backward,129.393568,0.129393568,Binary
PyTorch,div,CPU,128x128,Backward,106.676507,0.106676507,Binary
PyTorch,div,CUDA,128x128,Backward,240.885895,0.24088589500000002,Binary
PyTorch,div,CPU,256x256,Backward,797.721821,0.797721821,Binary
PyTorch,div,CUDA,256x256,Backward,297.928895,0.297928895,Binary
PyTorch,div,CPU,512x512,Backward,808.91525,0.80891525,Binary
PyTorch,div,CUDA,512x512,Backward,277.098317,0.277098317,Binary
PyTorch,div,CPU,1024x1024,Backward,17068.5104,17.0685104,Binary
PyTorch,div,CUDA,1024x1024,Backward,207.907676,0.207907676,Binary
PyTorch,mul,CPU,128x128,Backward,86.553812,0.086553812,Binary
PyTorch,mul,CUDA,128x128,Backward,231.902925,0.231902925,Binary
PyTorch,mul,CPU,256x256,Backward,523.539108,0.523539108,Binary
PyTorch,mul,CUDA,256x256,Backward,161.030489,0.161030489,Binary
PyTorch,mul,CPU,512x512,Backward,701.431088,0.7014310880000001,Binary
PyTorch,mul,CUDA,512x512,Backward,169.788874,0.169788874,Binary
PyTorch,mul,CPU,1024x1024,Backward,9234.679991,9.234679991,Binary
PyTorch,mul,CUDA,1024x1024,Backward,202.543941,0.20254394099999998,Binary
PyTorch,pow,CPU,128x128,Backward,907.976393,0.907976393,Binary
PyTorch,pow,CUDA,128x128,Backward,401.747911,0.401747911,Binary
PyTorch,pow,CPU,256x256,Backward,3233.084086,3.233084086,Binary
PyTorch,pow,CUDA,256x256,Backward,415.893336,0.415893336,Binary
PyTorch,pow,CPU,512x512,Backward,3752.768965,3.752768965,Binary
PyTorch,pow,CUDA,512x512,Backward,401.841601,0.40184160100000005,Binary
PyTorch,pow,CPU,1024x1024,Backward,13063.002204,13.063002204,Binary
PyTorch,pow,CUDA,1024x1024,Backward,397.563509,0.39756350900000004,Binary
PyTorch,add,CPU,broadcast,Forward,49.477179,0.049477178999999996,Binary
PyTorch,add,CUDA,broadcast,Forward,11.963225,0.011963225,Binary
PyTorch,sub,CPU,broadcast,Forward,60.398758,0.060398758000000004,Binary
PyTorch,sub,CUDA,broadcast,Forward,12.430537,0.012430536999999998,Binary
PyTorch,div,CPU,broadcast,Forward,62.764919,0.062764919,Binary
PyTorch,div,CUDA,broadcast,Forward,12.112466,0.012112465999999999,Binary
PyTorch,mul,CPU,broadcast,Forward,38.322032,0.038322032,Binary
PyTorch,mul,CUDA,broadcast,Forward,12.21856,0.01221856,Binary
PyTorch,pow,CPU,broadcast,Forward,634.898038,0.634898038,Binary
PyTorch,pow,CUDA,broadcast,Forward,13.925454,0.013925454,Binary
PyTorch,add,CPU,broadcast,Backward,766.153033,0.766153033,Binary
PyTorch,add,CUDA,broadcast,Backward,258.004689,0.258004689,Binary
PyTorch,sub,CPU,broadcast,Backward,989.401559,0.989401559,Binary
PyTorch,sub,CUDA,broadcast,Backward,209.735349,0.20973534900000002,Binary
PyTorch,div,CPU,broadcast,Backward,1014.31954,1.01431954,Binary
PyTorch,div,CUDA,broadcast,Backward,263.12245,0.26312245,Binary
PyTorch,mul,CPU,broadcast,Backward,1068.013314,1.068013314,Binary
PyTorch,mul,CUDA,broadcast,Backward,157.796163,0.15779616300000002,Binary
PyTorch,pow,CPU,broadcast,Backward,2058.680124,2.058680124,Binary
PyTorch,pow,CUDA,broadcast,Backward,377.342526,0.377342526,Binary
PyTorch,abs,CPU,128x128,Forward,7.04117,0.00704117,Unary
PyTorch,abs,CUDA,128x128,Forward,12.594582,0.012594582,Unary
PyTorch,abs,CPU,256x256,Forward,39.324123,0.039324123,Unary
PyTorch,abs,CUDA,256x256,Forward,12.995352,0.012995352,Unary
PyTorch,abs,CPU,512x512,Forward,41.192486,0.041192486,Unary
PyTorch,abs,CUDA,512x512,Forward,13.456352,0.013456352000000001,Unary
PyTorch,abs,CPU,1024x1024,Forward,49.020697,0.049020696999999995,Unary
PyTorch,abs,CUDA,1024x1024,Forward,12.874246,0.012874245999999999,Unary
PyTorch,clamp,CPU,128x128,Forward,8.270701,0.008270701,Unary
PyTorch,clamp,CUDA,128x128,Forward,14.184379,0.014184379,Unary
PyTorch,clamp,CPU,256x256,Forward,39.610535,0.039610534999999995,Unary
PyTorch,clamp,CUDA,256x256,Forward,13.339185,0.013339185,Unary
PyTorch,clamp,CPU,512x512,Forward,46.282067,0.046282066999999996,Unary
PyTorch,clamp,CUDA,512x512,Forward,13.280034,0.013280034000000001,Unary
PyTorch,clamp,CPU,1024x1024,Forward,1606.435406,1.6064354060000001,Unary
PyTorch,clamp,CUDA,1024x1024,Forward,14.066553,0.014066553,Unary
PyTorch,cos,CPU,128x128,Forward,37.121345,0.037121345,Unary
PyTorch,cos,CUDA,128x128,Forward,11.283494,0.011283494,Unary
PyTorch,cos,CPU,256x256,Forward,38.033721,0.038033721,Unary
PyTorch,cos,CUDA,256x256,Forward,10.979525,0.010979525,Unary
PyTorch,cos,CPU,512x512,Forward,104.576004,0.104576004,Unary
PyTorch,cos,CUDA,512x512,Forward,11.37191,0.011371909999999999,Unary
PyTorch,cos,CPU,1024x1024,Forward,1766.157371,1.766157371,Unary
PyTorch,cos,CUDA,1024x1024,Forward,11.046457,0.011046457,Unary
PyTorch,exp,CPU,128x128,Forward,33.000614,0.033000614,Unary
PyTorch,exp,CUDA,128x128,Forward,11.84789,0.01184789,Unary
PyTorch,exp,CPU,256x256,Forward,43.399349,0.043399349000000004,Unary
PyTorch,exp,CUDA,256x256,Forward,11.500187,0.011500187,Unary
PyTorch,exp,CPU,512x512,Forward,79.481748,0.07948174799999999,Unary
PyTorch,exp,CUDA,512x512,Forward,11.494196,0.011494196,Unary
PyTorch,exp,CPU,1024x1024,Forward,1719.663624,1.719663624,Unary
PyTorch,exp,CUDA,1024x1024,Forward,11.465553,0.011465553,Unary
PyTorch,log,CPU,128x128,Forward,35.518216,0.035518216000000005,Unary
PyTorch,log,CUDA,128x128,Forward,11.126073,0.011126073,Unary
PyTorch,log,CPU,256x256,Forward,42.407933,0.042407933,Unary
PyTorch,log,CUDA,256x256,Forward,11.176747,0.011176747,Unary
PyTorch,log,CPU,512x512,Forward,74.657077,0.074657077,Unary
PyTorch,log,CUDA,512x512,Forward,11.147527,0.011147527,Unary
PyTorch,log,CPU,1024x1024,Forward,1700.182048,1.7001820479999998,Unary
PyTorch,log,CUDA,1024x1024,Forward,11.213181,0.011213181000000001,Unary
PyTorch,neg,CPU,128x128,Forward,5.278241,0.005278241,Unary
PyTorch,neg,CUDA,128x128,Forward,10.430632,0.010430631999999999,Unary
PyTorch,neg,CPU,256x256,Forward,33.535939,0.033535939,Unary
PyTorch,neg,CUDA,256x256,Forward,10.653916,0.010653916000000001,Unary
PyTorch,neg,CPU,512x512,Forward,35.845241,0.035845241,Unary
PyTorch,neg,CUDA,512x512,Forward,10.4581,0.0104581,Unary
PyTorch,neg,CPU,1024x1024,Forward,1554.454702,1.554454702,Unary
PyTorch,neg,CUDA,1024x1024,Forward,10.802266,0.010802266,Unary
PyTorch,sin,CPU,128x128,Forward,37.166669,0.037166669,Unary
PyTorch,sin,CUDA,128x128,Forward,11.092916,0.011092916000000001,Unary
PyTorch,sin,CPU,256x256,Forward,48.024862,0.048024862,Unary
PyTorch,sin,CUDA,256x256,Forward,10.985716,0.010985716,Unary
PyTorch,sin,CPU,512x512,Forward,85.011006,0.085011006,Unary
PyTorch,sin,CUDA,512x512,Forward,11.107475,0.011107475,Unary
PyTorch,sin,CPU,1024x1024,Forward,1691.813003,1.691813003,Unary
PyTorch,sin,CUDA,1024x1024,Forward,10.885556,0.010885556,Unary
PyTorch,sqrt,CPU,128x128,Forward,31.925815,0.031925815,Unary
PyTorch,sqrt,CUDA,128x128,Forward,11.777957,0.011777957,Unary
PyTorch,sqrt,CPU,256x256,Forward,32.265302,0.032265301999999996,Unary
PyTorch,sqrt,CUDA,256x256,Forward,11.40325,0.01140325,Unary
PyTorch,sqrt,CPU,512x512,Forward,60.124033,0.060124033,Unary
PyTorch,sqrt,CUDA,512x512,Forward,11.437432,0.011437431999999999,Unary
PyTorch,sqrt,CPU,1024x1024,Forward,1620.92541,1.6209254100000001,Unary
PyTorch,sqrt,CUDA,1024x1024,Forward,11.84231,0.01184231,Unary
PyTorch,tan,CPU,128x128,Forward,45.31377,0.045313769999999996,Unary
PyTorch,tan,CUDA,128x128,Forward,11.311084,0.011311083999999999,Unary
PyTorch,tan,CPU,256x256,Forward,56.770225,0.056770225,Unary
PyTorch,tan,CUDA,256x256,Forward,12.277666,0.012277666,Unary
PyTorch,tan,CPU,512x512,Forward,123.043087,0.123043087,Unary
PyTorch,tan,CUDA,512x512,Forward,11.506683,0.011506683,Unary
PyTorch,tan,CPU,1024x1024,Forward,1760.925264,1.760925264,Unary
PyTorch,tan,CUDA,1024x1024,Forward,11.45915,0.01145915,Unary
PyTorch,abs,CPU,128x128,Backward,77.531905,0.077531905,Unary
PyTorch,abs,CUDA,128x128,Backward,220.361727,0.220361727,Unary
PyTorch,abs,CPU,256x256,Backward,370.031141,0.370031141,Unary
PyTorch,abs,CUDA,256x256,Backward,220.014259,0.22001425900000002,Unary
PyTorch,abs,CPU,512x512,Backward,510.341525,0.510341525,Unary
PyTorch,abs,CUDA,512x512,Backward,213.043722,0.213043722,Unary
PyTorch,abs,CPU,1024x1024,Backward,9113.996499,9.113996499,Unary
PyTorch,abs,CUDA,1024x1024,Backward,226.843132,0.226843132,Unary
PyTorch,clamp,CPU,128x128,Backward,183.136989,0.183136989,Unary
PyTorch,clamp,CUDA,128x128,Backward,222.715657,0.22271565699999998,Unary
PyTorch,clamp,CPU,256x256,Backward,990.526315,0.990526315,Unary
PyTorch,clamp,CUDA,256x256,Backward,231.307161,0.231307161,Unary
PyTorch,clamp,CPU,512x512,Backward,1405.980714,1.405980714,Unary
PyTorch,clamp,CUDA,512x512,Backward,188.058042,0.188058042,Unary
PyTorch,clamp,CPU,1024x1024,Backward,7299.26317,7.299263170000001,Unary
PyTorch,clamp,CUDA,1024x1024,Backward,296.570183,0.296570183,Unary
PyTorch,cos,CPU,128x128,Backward,480.454396,0.48045439599999995,Unary
PyTorch,cos,CUDA,128x128,Backward,194.269786,0.194269786,Unary
PyTorch,cos,CPU,256x256,Backward,682.715679,0.6827156790000001,Unary
PyTorch,cos,CUDA,256x256,Backward,185.169026,0.18516902600000001,Unary
PyTorch,cos,CPU,512x512,Backward,967.73393,0.96773393,Unary
PyTorch,cos,CUDA,512x512,Backward,228.534375,0.228534375,Unary
PyTorch,cos,CPU,1024x1024,Backward,10213.10969,10.21310969,Unary
PyTorch,cos,CUDA,1024x1024,Backward,218.46904,0.21846904,Unary
PyTorch,exp,CPU,128x128,Backward,77.493178,0.077493178,Unary
PyTorch,exp,CUDA,128x128,Backward,188.646319,0.188646319,Unary
PyTorch,exp,CPU,256x256,Backward,573.973234,0.573973234,Unary
PyTorch,exp,CUDA,256x256,Backward,167.335725,0.167335725,Unary
PyTorch,exp,CPU,512x512,Backward,541.651368,0.541651368,Unary
PyTorch,exp,CUDA,512x512,Backward,203.008044,0.203008044,Unary
PyTorch,exp,CPU,1024x1024,Backward,3066.19175,3.0661917499999998,Unary
PyTorch,exp,CUDA,1024x1024,Backward,93.779271,0.093779271,Unary
PyTorch,log,CPU,128x128,Backward,73.584183,0.073584183,Unary
PyTorch,log,CUDA,128x128,Backward,201.964786,0.201964786,Unary
PyTorch,log,CPU,256x256,Backward,281.963328,0.281963328,Unary
PyTorch,log,CUDA,256x256,Backward,186.735964,0.186735964,Unary
PyTorch,log,CPU,512x512,Backward,327.754641,0.327754641,Unary
PyTorch,log,CUDA,512x512,Backward,197.34337,0.19734337,Unary
PyTorch,log,CPU,1024x1024,Backward,3731.363079,3.7313630790000003,Unary
PyTorch,log,CUDA,1024x1024,Backward,206.150173,0.206150173,Unary
PyTorch,neg,CPU,128x128,Backward,74.10767,0.07410767,Unary
PyTorch,neg,CUDA,128x128,Backward,185.754896,0.185754896,Unary
PyTorch,neg,CPU,256x256,Backward,455.884777,0.45588477699999996,Unary
PyTorch,neg,CUDA,256x256,Backward,190.647539,0.190647539,Unary
PyTorch,neg,CPU,512x512,Backward,434.291938,0.434291938,Unary
PyTorch,neg,CUDA,512x512,Backward,175.55692,0.17555691999999998,Unary
PyTorch,neg,CPU,1024x1024,Backward,2956.924238,2.956924238,Unary
PyTorch,neg,CUDA,1024x1024,Backward,183.425325,0.183425325,Unary
PyTorch,sin,CPU,128x128,Backward,478.975889,0.478975889,Unary
PyTorch,sin,CUDA,128x128,Backward,103.886337,0.103886337,Unary
PyTorch,sin,CPU,256x256,Backward,477.818831,0.477818831,Unary
PyTorch,sin,CUDA,256x256,Backward,193.977302,0.19397730200000002,Unary
PyTorch,sin,CPU,512x512,Backward,839.404456,0.839404456,Unary
PyTorch,sin,CUDA,512x512,Backward,218.970445,0.218970445,Unary
PyTorch,sin,CPU,1024x1024,Backward,8585.619138,8.585619138,Unary
PyTorch,sin,CUDA,1024x1024,Backward,219.431419,0.21943141900000002,Unary
PyTorch,sqrt,CPU,128x128,Backward,86.871349,0.086871349,Unary
PyTorch,sqrt,CUDA,128x128,Backward,219.825565,0.219825565,Unary
PyTorch,sqrt,CPU,256x256,Backward,648.548484,0.648548484,Unary
PyTorch,sqrt,CUDA,256x256,Backward,190.927289,0.190927289,Unary
PyTorch,sqrt,CPU,512x512,Backward,519.337728,0.519337728,Unary
PyTorch,sqrt,CUDA,512x512,Backward,218.610407,0.218610407,Unary
PyTorch,sqrt,CPU,1024x1024,Backward,8424.147557,8.424147557,Unary
PyTorch,sqrt,CUDA,1024x1024,Backward,187.141785,0.187141785,Unary
PyTorch,tan,CPU,128x128,Backward,96.600913,0.09660091300000001,Unary
PyTorch,tan,CUDA,128x128,Backward,190.329978,0.190329978,Unary
PyTorch,tan,CPU,256x256,Backward,559.568738,0.5595687380000001,Unary
PyTorch,tan,CUDA,256x256,Backward,232.145597,0.232145597,Unary
PyTorch,tan,CPU,512x512,Backward,660.679455,0.6606794549999999,Unary
PyTorch,tan,CUDA,512x512,Backward,203.79976,0.20379976,Unary
PyTorch,tan,CPU,1024x1024,Backward,8096.342379,8.096342379,Unary
PyTorch,tan,CUDA,1024x1024,Backward,242.167006,0.242167006,Unary
PyTorch,sum,CPU,64x32,Forward,5.944425,0.005944425,Reduction
PyTorch,sum,CUDA,64x32,Forward,12.691946,0.012691945999999999,Reduction
PyTorch,sum,CPU,64x32,Forward,6.133802,0.006133802,Reduction
PyTorch,sum,CUDA,64x32,Forward,12.710239,0.012710239,Reduction
PyTorch,sum,CPU,64x512,Forward,38.110021,0.038110021,Reduction
PyTorch,sum,CUDA,64x512,Forward,12.853707,0.012853707,Reduction
PyTorch,sum,CPU,64x512,Forward,36.285576,0.036285576,Reduction
PyTorch,sum,CUDA,64x512,Forward,12.91499,0.01291499,Reduction
PyTorch,sum,CPU,256x32,Forward,6.318711,0.006318711,Reduction
PyTorch,sum,CUDA,256x32,Forward,12.674672,0.012674672,Reduction
PyTorch,sum,CPU,256x32,Forward,6.450332,0.0064503320000000005,Reduction
PyTorch,sum,CUDA,256x32,Forward,12.965945,0.012965945,Reduction
PyTorch,sum,CPU,256x512,Forward,37.231854,0.037231854,Reduction
PyTorch,sum,CUDA,256x512,Forward,13.120209,0.013120208999999999,Reduction
PyTorch,sum,CPU,256x512,Forward,37.017188,0.037017188,Reduction
PyTorch,sum,CUDA,256x512,Forward,13.093459,0.013093459,Reduction
PyTorch,min,CPU,64x32,Forward,38.564862,0.038564862,Reduction
PyTorch,min,CUDA,64x32,Forward,16.306084,0.016306084,Reduction
PyTorch,min,CPU,64x32,Forward,38.314908,0.038314908,Reduction
PyTorch,min,CUDA,64x32,Forward,16.147298,0.016147298,Reduction
PyTorch,min,CPU,64x512,Forward,48.413359,0.048413359,Reduction
PyTorch,min,CUDA,64x512,Forward,16.713495,0.016713495000000002,Reduction
PyTorch,min,CPU,64x512,Forward,49.658517,0.049658517000000006,Reduction
PyTorch,min,CUDA,64x512,Forward,16.363275,0.016363275,Reduction
PyTorch,min,CPU,256x32,Forward,41.342373,0.041342373,Reduction
PyTorch,min,CUDA,256x32,Forward,16.113261,0.016113261,Reduction
PyTorch,min,CPU,256x32,Forward,42.689642,0.042689642,Reduction
PyTorch,min,CUDA,256x32,Forward,16.277695,0.016277695000000002,Reduction
PyTorch,min,CPU,256x512,Forward,79.209511,0.07920951100000001,Reduction
PyTorch,min,CUDA,256x512,Forward,16.861018,0.016861018000000002,Reduction
PyTorch,min,CPU,256x512,Forward,64.669534,0.064669534,Reduction
PyTorch,min,CUDA,256x512,Forward,16.201409,0.016201409000000003,Reduction
PyTorch,max,CPU,64x32,Forward,42.089364,0.042089364000000004,Reduction
PyTorch,max,CUDA,64x32,Forward,16.26508,0.01626508,Reduction
PyTorch,max,CPU,64x32,Forward,39.871018,0.039871018,Reduction
PyTorch,max,CUDA,64x32,Forward,16.846524,0.016846523999999998,Reduction
PyTorch,max,CPU,64x512,Forward,51.832091,0.051832091,Reduction
PyTorch,max,CUDA,64x512,Forward,16.839655,0.016839655000000002,Reduction
PyTorch,max,CPU,64x512,Forward,47.455893,0.047455893000000006,Reduction
PyTorch,max,CUDA,64x512,Forward,17.604817,0.017604817000000002,Reduction
PyTorch,max,CPU,256x32,Forward,43.889976,0.043889976,Reduction
PyTorch,max,CUDA,256x32,Forward,16.335918,0.016335917999999998,Reduction
PyTorch,max,CPU,256x32,Forward,38.778453,0.038778453,Reduction
PyTorch,max,CUDA,256x32,Forward,17.177178,0.017177178,Reduction
PyTorch,max,CPU,256x512,Forward,76.057141,0.076057141,Reduction
PyTorch,max,CUDA,256x512,Forward,16.780235,0.016780235,Reduction
PyTorch,max,CPU,256x512,Forward,65.840572,0.065840572,Reduction
PyTorch,max,CUDA,256x512,Forward,16.925992,0.016925992,Reduction
PyTorch,prod,CPU,64x32,Forward,6.475689,0.006475689,Reduction
PyTorch,prod,CUDA,64x32,Forward,12.634171,0.012634171,Reduction
PyTorch,prod,CPU,64x32,Forward,6.527409,0.006527409,Reduction
PyTorch,prod,CUDA,64x32,Forward,12.632924,0.012632923999999999,Reduction
PyTorch,prod,CPU,64x512,Forward,38.087529,0.038087529,Reduction
PyTorch,prod,CUDA,64x512,Forward,13.014933,0.013014933,Reduction
PyTorch,prod,CPU,64x512,Forward,41.423541,0.041423541,Reduction
PyTorch,prod,CUDA,64x512,Forward,13.234685,0.013234685000000001,Reduction
PyTorch,prod,CPU,256x32,Forward,6.778074,0.006778074,Reduction
PyTorch,prod,CUDA,256x32,Forward,12.705604,0.012705603999999999,Reduction
PyTorch,prod,CPU,256x32,Forward,7.235484,0.0072354839999999995,Reduction
PyTorch,prod,CUDA,256x32,Forward,12.659193,0.012659193000000001,Reduction
PyTorch,prod,CPU,256x512,Forward,39.283065,0.039283065,Reduction
PyTorch,prod,CUDA,256x512,Forward,12.967799,0.012967798999999999,Reduction
PyTorch,prod,CPU,256x512,Forward,42.898208,0.042898208,Reduction
PyTorch,prod,CUDA,256x512,Forward,13.003866,0.013003866000000001,Reduction
PyTorch,sum,CPU,64x32,Backward,48.677619,0.048677619,Reduction
PyTorch,sum,CUDA,64x32,Backward,174.312395,0.174312395,Reduction
PyTorch,sum,CPU,64x32,Backward,49.688369,0.049688369,Reduction
PyTorch,sum,CUDA,64x32,Backward,187.932806,0.187932806,Reduction
PyTorch,sum,CPU,64x512,Backward,55.037247,0.055037247,Reduction
PyTorch,sum,CUDA,64x512,Backward,171.936313,0.171936313,Reduction
PyTorch,sum,CPU,64x512,Backward,55.926276,0.055926276000000004,Reduction
PyTorch,sum,CUDA,64x512,Backward,171.023952,0.171023952,Reduction
PyTorch,sum,CPU,256x32,Backward,49.311658,0.049311658,Reduction
PyTorch,sum,CUDA,256x32,Backward,170.403917,0.17040391700000002,Reduction
PyTorch,sum,CPU,256x32,Backward,51.023611,0.051023611,Reduction
PyTorch,sum,CUDA,256x32,Backward,188.264891,0.18826489100000002,Reduction
PyTorch,sum,CPU,256x512,Backward,258.875946,0.258875946,Reduction
PyTorch,sum,CUDA,256x512,Backward,168.945051,0.168945051,Reduction
PyTorch,sum,CPU,256x512,Backward,306.297949,0.306297949,Reduction
PyTorch,sum,CUDA,256x512,Backward,149.328395,0.149328395,Reduction
PyTorch,min,CPU,64x32,Backward,56.93237,0.056932369999999996,Reduction
PyTorch,min,CUDA,64x32,Backward,231.083104,0.23108310399999998,Reduction
PyTorch,min,CPU,64x32,Backward,59.436763,0.059436763,Reduction
PyTorch,min,CUDA,64x32,Backward,222.031522,0.222031522,Reduction
PyTorch,min,CPU,64x512,Backward,71.721707,0.071721707,Reduction
PyTorch,min,CUDA,64x512,Backward,234.816119,0.234816119,Reduction
PyTorch,min,CPU,64x512,Backward,68.225633,0.06822563300000001,Reduction
PyTorch,min,CUDA,64x512,Backward,228.09352,0.22809352000000002,Reduction
PyTorch,min,CPU,256x32,Backward,61.910011,0.061910010999999994,Reduction
PyTorch,min,CUDA,256x32,Backward,232.376694,0.232376694,Reduction
PyTorch,min,CPU,256x32,Backward,60.650552,0.060650551999999996,Reduction
PyTorch,min,CUDA,256x32,Backward,217.506507,0.217506507,Reduction
PyTorch,min,CPU,256x512,Backward,399.369474,0.399369474,Reduction
PyTorch,min,CUDA,256x512,Backward,208.698003,0.208698003,Reduction
PyTorch,min,CPU,256x512,Backward,237.31823,0.23731823,Reduction
PyTorch,min,CUDA,256x512,Backward,188.527207,0.188527207,Reduction
PyTorch,max,CPU,64x32,Backward,59.912225,0.059912225,Reduction
PyTorch,max,CUDA,64x32,Backward,215.694526,0.215694526,Reduction
PyTorch,max,CPU,64x32,Backward,60.396338,0.060396338,Reduction
PyTorch,max,CUDA,64x32,Backward,218.427447,0.218427447,Reduction
PyTorch,max,CPU,64x512,Backward,71.981519,0.07198151900000001,Reduction
PyTorch,max,CUDA,64x512,Backward,232.819604,0.23281960399999999,Reduction
PyTorch,max,CPU,64x512,Backward,69.237858,0.069237858,Reduction
PyTorch,max,CUDA,64x512,Backward,235.560193,0.235560193,Reduction
PyTorch,max,CPU,256x32,Backward,59.542402,0.059542402,Reduction
PyTorch,max,CUDA,256x32,Backward,218.165462,0.218165462,Reduction
PyTorch,max,CPU,256x32,Backward,61.415137,0.061415137,Reduction
PyTorch,max,CUDA,256x32,Backward,221.650069,0.221650069,Reduction
PyTorch,max,CPU,256x512,Backward,443.525824,0.443525824,Reduction
PyTorch,max,CUDA,256x512,Backward,200.103009,0.200103009,Reduction
PyTorch,max,CPU,256x512,Backward,256.080008,0.256080008,Reduction
PyTorch,max,CUDA,256x512,Backward,198.584036,0.198584036,Reduction
PyTorch,prod,CPU,64x32,Backward,82.255813,0.082255813,Reduction
PyTorch,prod,CUDA,64x32,Backward,284.641818,0.284641818,Reduction
PyTorch,prod,CPU,64x32,Backward,82.394567,0.082394567,Reduction
PyTorch,prod,CUDA,64x32,Backward,281.295808,0.28129580800000004,Reduction
PyTorch,prod,CPU,64x512,Backward,640.759568,0.6407595679999999,Reduction
PyTorch,prod,CUDA,64x512,Backward,285.047136,0.28504713600000003,Reduction
PyTorch,prod,CPU,64x512,Backward,785.219035,0.785219035,Reduction
PyTorch,prod,CUDA,64x512,Backward,337.290565,0.33729056500000004,Reduction
PyTorch,prod,CPU,256x32,Backward,95.534284,0.095534284,Reduction
PyTorch,prod,CUDA,256x32,Backward,351.731314,0.351731314,Reduction
PyTorch,prod,CPU,256x32,Backward,91.733186,0.09173318600000001,Reduction
PyTorch,prod,CUDA,256x32,Backward,336.441681,0.336441681,Reduction
PyTorch,prod,CPU,256x512,Backward,1031.278373,1.0312783730000001,Reduction
PyTorch,prod,CUDA,256x512,Backward,249.020957,0.24902095700000001,Reduction
PyTorch,prod,CPU,256x512,Backward,728.245027,0.728245027,Reduction
PyTorch,prod,CUDA,256x512,Backward,267.351782,0.26735178200000004,Reduction
LMP,add,CPU,128x128,Forward,3107.49,3.10749,Binary
LMP,add,CPU,128x128,Backward,157.003,0.15700299999999998,Binary
LMP,add,CPU,256x256,Forward,8932.22,8.93222,Binary
LMP,add,CPU,256x256,Backward,3707.79,3.70779,Binary
LMP,add,CPU,512x512,Forward,19417.0,19.417,Binary
LMP,add,CPU,512x512,Backward,86604.1,86.6041,Binary
LMP,add,CPU,1024x1024,Forward,19929.1,19.9291,Binary
LMP,add,CPU,1024x1024,Backward,93811.8,93.8118,Binary
LMP,add,CPU,broadcast,Forward,507.311,0.507311,Binary
LMP,add,CPU,broadcast,Backward,3117.45,3.11745,Binary
LMP,add,CUDA,128x128,Forward,8.88922,0.00888922,Binary
LMP,add,CUDA,128x128,Backward,23.3477,0.0233477,Binary
LMP,add,CUDA,256x256,Forward,9.41922,0.009419219999999999,Binary
LMP,add,CUDA,256x256,Backward,23.7592,0.0237592,Binary
LMP,add,CUDA,512x512,Forward,10.721,0.010721,Binary
LMP,add,CUDA,512x512,Backward,23.1684,0.0231684,Binary
LMP,add,CUDA,1024x1024,Forward,12.7113,0.0127113,Binary
LMP,add,CUDA,1024x1024,Backward,24.8979,0.0248979,Binary
LMP,add,CUDA,broadcast,Forward,23.4664,0.023466400000000002,Binary
LMP,add,CUDA,broadcast,Backward,66.7692,0.0667692,Binary
LMP,sub,CPU,128x128,Forward,5998.55,5.99855,Binary
LMP,sub,CPU,128x128,Backward,193749.0,193.749,Binary
LMP,sub,CPU,256x256,Forward,49565.2,49.5652,Binary
LMP,sub,CPU,256x256,Backward,110935.0,110.935,Binary
LMP,sub,CPU,512x512,Forward,88000.5,88.0005,Binary
LMP,sub,CPU,512x512,Backward,104072.0,104.072,Binary
LMP,sub,CPU,1024x1024,Forward,12279.7,12.2797,Binary
LMP,sub,CPU,1024x1024,Backward,193615.0,193.615,Binary
LMP,sub,CPU,broadcast,Forward,50200.9,50.200900000000004,Binary
LMP,sub,CPU,broadcast,Backward,297933.0,297.933,Binary
LMP,sub,CUDA,128x128,Forward,8.96452,0.00896452,Binary
LMP,sub,CUDA,128x128,Backward,30.1468,0.030146799999999998,Binary
LMP,sub,CUDA,256x256,Forward,9.4729,0.0094729,Binary
LMP,sub,CUDA,256x256,Backward,30.6713,0.0306713,Binary
LMP,sub,CUDA,512x512,Forward,9.92036,0.009920360000000001,Binary
LMP,sub,CUDA,512x512,Backward,29.7793,0.029779299999999998,Binary
LMP,sub,CUDA,1024x1024,Forward,11.8396,0.0118396,Binary
LMP,sub,CUDA,1024x1024,Backward,33.2363,0.0332363,Binary
LMP,sub,CUDA,broadcast,Forward,23.7884,0.023788399999999998,Binary
LMP,sub,CUDA,broadcast,Backward,74.1879,0.0741879,Binary
LMP,mul,CPU,128x128,Forward,788.483,0.7884829999999999,Binary
LMP,mul,CPU,128x128,Backward,21672.5,21.6725,Binary
LMP,mul,CPU,256x256,Forward,29705.6,29.705599999999997,Binary
LMP,mul,CPU,256x256,Backward,97372.8,97.3728,Binary
LMP,mul,CPU,512x512,Forward,1664.63,1.66463,Binary
LMP,mul,CPU,512x512,Backward,160833.0,160.833,Binary
LMP,mul,CPU,1024x1024,Forward,80459.6,80.45960000000001,Binary
LMP,mul,CPU,1024x1024,Backward,200286.0,200.286,Binary
LMP,mul,CPU,broadcast,Forward,93424.0,93.424,Binary
LMP,mul,CPU,broadcast,Backward,388996.0,388.996,Binary
LMP,mul,CUDA,128x128,Forward,9.03311,0.00903311,Binary
LMP,mul,CUDA,128x128,Backward,35.5231,0.0355231,Binary
LMP,mul,CUDA,256x256,Forward,9.53164,0.00953164,Binary
LMP,mul,CUDA,256x256,Backward,36.1524,0.0361524,Binary
LMP,mul,CUDA,512x512,Forward,10.2642,0.010264200000000001,Binary
LMP,mul,CUDA,512x512,Backward,34.8924,0.034892400000000004,Binary
LMP,mul,CUDA,1024x1024,Forward,11.752,0.011752,Binary
LMP,mul,CUDA,1024x1024,Backward,36.6618,0.0366618,Binary
LMP,mul,CUDA,broadcast,Forward,24.325,0.024325,Binary
LMP,mul,CUDA,broadcast,Backward,112.94,0.11294,Binary
LMP,div,CPU,128x128,Forward,52899.0,52.899,Binary
LMP,div,CPU,128x128,Backward,91080.8,91.0808,Binary
LMP,div,CPU,256x256,Forward,1001.95,1.0019500000000001,Binary
LMP,div,CPU,256x256,Backward,9206.0,9.206,Binary
LMP,div,CPU,512x512,Forward,19676.9,19.6769,Binary
LMP,div,CPU,512x512,Backward,134421.0,134.421,Binary
LMP,div,CPU,1024x1024,Forward,77393.5,77.3935,Binary
LMP,div,CPU,1024x1024,Backward,381313.0,381.313,Binary
LMP,div,CPU,broadcast,Forward,81092.4,81.0924,Binary
LMP,div,CPU,broadcast,Backward,491915.0,491.915,Binary
LMP,div,CUDA,128x128,Forward,9.14739,0.00914739,Binary
LMP,div,CUDA,128x128,Backward,72.6585,0.0726585,Binary
LMP,div,CUDA,256x256,Forward,9.38354,0.00938354,Binary
LMP,div,CUDA,256x256,Backward,73.3213,0.07332129999999999,Binary
LMP,div,CUDA,512x512,Forward,10.7192,0.0107192,Binary
LMP,div,CUDA,512x512,Backward,74.3435,0.0743435,Binary
LMP,div,CUDA,1024x1024,Forward,13.0013,0.0130013,Binary
LMP,div,CUDA,1024x1024,Backward,79.306,0.079306,Binary
LMP,div,CUDA,broadcast,Forward,25.2779,0.0252779,Binary
LMP,div,CUDA,broadcast,Backward,151.896,0.15189599999999998,Binary
LMP,pow,CPU,128x128,Forward,2037.57,2.03757,Binary
LMP,pow,CPU,128x128,Backward,9037.63,9.03763,Binary
LMP,pow,CPU,256x256,Forward,87.7458,0.0877458,Binary
LMP,pow,CPU,256x256,Backward,26739.4,26.7394,Binary
LMP,pow,CPU,512x512,Forward,13641.8,13.6418,Binary
LMP,pow,CPU,512x512,Backward,15701.8,15.701799999999999,Binary
LMP,pow,CPU,1024x1024,Forward,5169.68,5.1696800000000005,Binary
LMP,pow,CPU,1024x1024,Backward,102715.0,102.715,Binary
LMP,pow,CPU,broadcast,Forward,9225.55,9.22555,Binary
LMP,pow,CPU,broadcast,Backward,2200.71,2.20071,Binary
LMP,pow,CUDA,128x128,Forward,9.0914,0.0090914,Binary
LMP,pow,CUDA,128x128,Backward,90.1246,0.0901246,Binary
LMP,pow,CUDA,256x256,Forward,9.69526,0.009695259999999999,Binary
LMP,pow,CUDA,256x256,Backward,92.1636,0.0921636,Binary
LMP,pow,CUDA,512x512,Forward,10.1269,0.0101269,Binary
LMP,pow,CUDA,512x512,Backward,92.6306,0.09263060000000001,Binary
LMP,pow,CUDA,1024x1024,Forward,13.0316,0.013031599999999999,Binary
LMP,pow,CUDA,1024x1024,Backward,103.006,0.103006,Binary
LMP,pow,CUDA,broadcast,Forward,24.8815,0.024881499999999997,Binary
LMP,pow,CUDA,broadcast,Backward,183.732,0.183732,Binary
LMP,neg,CPU,128x128,Forward,843.055,0.843055,Unary
LMP,neg,CPU,128x128,Backward,425.204,0.425204,Unary
LMP,neg,CPU,256x256,Forward,489.904,0.489904,Unary
LMP,neg,CPU,256x256,Backward,1792.57,1.79257,Unary
LMP,neg,CPU,512x512,Forward,937.201,0.9372010000000001,Unary
LMP,neg,CPU,512x512,Backward,22110.8,22.110799999999998,Unary
LMP,neg,CPU,1024x1024,Forward,82155.9,82.15589999999999,Unary
LMP,neg,CPU,1024x1024,Backward,67642.5,67.6425,Unary
LMP,neg,CUDA,128x128,Forward,7.47607,0.00747607,Unary
LMP,neg,CUDA,128x128,Backward,20.3909,0.0203909,Unary
LMP,neg,CUDA,256x256,Forward,7.75712,0.007757119999999999,Unary
LMP,neg,CUDA,256x256,Backward,20.4011,0.0204011,Unary
LMP,neg,CUDA,512x512,Forward,7.89504,0.007895039999999999,Unary
LMP,neg,CUDA,512x512,Backward,19.9024,0.0199024,Unary
LMP,neg,CUDA,1024x1024,Forward,8.62709,0.00862709,Unary
LMP,neg,CUDA,1024x1024,Backward,21.5415,0.021541499999999998,Unary
LMP,log,CPU,128x128,Forward,9049.18,9.04918,Unary
LMP,log,CPU,128x128,Backward,286029.0,286.029,Unary
LMP,log,CPU,256x256,Forward,7506.59,7.50659,Unary
LMP,log,CPU,256x256,Backward,198988.0,198.988,Unary
LMP,log,CPU,512x512,Forward,51192.4,51.1924,Unary
LMP,log,CPU,512x512,Backward,201560.0,201.56,Unary
LMP,log,CPU,1024x1024,Forward,87837.6,87.83760000000001,Unary
LMP,log,CPU,1024x1024,Backward,195198.0,195.198,Unary
LMP,log,CUDA,128x128,Forward,7.63035,0.00763035,Unary
LMP,log,CUDA,128x128,Backward,51.7104,0.0517104,Unary
LMP,log,CUDA,256x256,Forward,7.93886,0.00793886,Unary
LMP,log,CUDA,256x256,Backward,51.552,0.051552,Unary
LMP,log,CUDA,512x512,Forward,7.88317,0.00788317,Unary
LMP,log,CUDA,512x512,Backward,49.8592,0.0498592,Unary
LMP,log,CUDA,1024x1024,Forward,8.93913,0.00893913,Unary
LMP,log,CUDA,1024x1024,Backward,53.1969,0.0531969,Unary
LMP,exp,CPU,128x128,Forward,167.822,0.167822,Unary
LMP,exp,CPU,128x128,Backward,423.472,0.42347199999999996,Unary
LMP,exp,CPU,256x256,Forward,9258.53,9.25853,Unary
LMP,exp,CPU,256x256,Backward,1108.55,1.10855,Unary
LMP,exp,CPU,512x512,Forward,1113.13,1.1131300000000002,Unary
LMP,exp,CPU,512x512,Backward,418.847,0.41884699999999997,Unary
LMP,exp,CPU,1024x1024,Forward,35367.2,35.3672,Unary
LMP,exp,CPU,1024x1024,Backward,47800.4,47.8004,Unary
LMP,exp,CUDA,128x128,Forward,7.60579,0.007605789999999999,Unary
LMP,exp,CUDA,128x128,Backward,21.6439,0.021643899999999997,Unary
LMP,exp,CUDA,256x256,Forward,7.86099,0.00786099,Unary
LMP,exp,CUDA,256x256,Backward,20.8465,0.0208465,Unary
LMP,exp,CUDA,512x512,Forward,7.96832,0.007968320000000001,Unary
LMP,exp,CUDA,512x512,Backward,20.4544,0.0204544,Unary
LMP,exp,CUDA,1024x1024,Forward,9.09554,0.00909554,Unary
LMP,exp,CUDA,1024x1024,Backward,21.8552,0.021855199999999998,Unary
LMP,sqrt,CPU,128x128,Forward,10371.1,10.3711,Unary
LMP,sqrt,CPU,128x128,Backward,298004.0,298.004,Unary
LMP,sqrt,CPU,256x256,Forward,91004.1,91.00410000000001,Unary
LMP,sqrt,CPU,256x256,Backward,207983.0,207.983,Unary
LMP,sqrt,CPU,512x512,Forward,7660.8,7.6608,Unary
LMP,sqrt,CPU,512x512,Backward,296849.0,296.849,Unary
LMP,sqrt,CPU,1024x1024,Forward,88450.1,88.4501,Unary
LMP,sqrt,CPU,1024x1024,Backward,303123.0,303.123,Unary
LMP,sqrt,CUDA,128x128,Forward,7.59173,0.00759173,Unary
LMP,sqrt,CUDA,128x128,Backward,83.5595,0.0835595,Unary
LMP,sqrt,CUDA,256x256,Forward,7.94381,0.00794381,Unary
LMP,sqrt,CUDA,256x256,Backward,83.1206,0.0831206,Unary
LMP,sqrt,CUDA,512x512,Forward,7.97579,0.00797579,Unary
LMP,sqrt,CUDA,512x512,Backward,81.3603,0.0813603,Unary
LMP,sqrt,CUDA,1024x1024,Forward,8.96233,0.00896233,Unary
LMP,sqrt,CUDA,1024x1024,Backward,85.0569,0.0850569,Unary
LMP,abs,CPU,128x128,Forward,900.891,0.900891,Unary
LMP,abs,CPU,128x128,Backward,96671.7,96.6717,Unary
LMP,abs,CPU,256x256,Forward,918.484,0.9184840000000001,Unary
LMP,abs,CPU,256x256,Backward,3481.2,3.4812,Unary
LMP,abs,CPU,512x512,Forward,44.6673,0.0446673,Unary
LMP,abs,CPU,512x512,Backward,8594.61,8.594610000000001,Unary
LMP,abs,CPU,1024x1024,Forward,23997.9,23.9979,Unary
LMP,abs,CPU,1024x1024,Backward,297120.0,297.12,Unary
LMP,abs,CUDA,128x128,Forward,7.61842,0.007618420000000001,Unary
LMP,abs,CUDA,128x128,Backward,89.5562,0.0895562,Unary
LMP,abs,CUDA,256x256,Forward,8.02922,0.00802922,Unary
LMP,abs,CUDA,256x256,Backward,90.4718,0.0904718,Unary
LMP,abs,CUDA,512x512,Forward,8.2267,0.0082267,Unary
LMP,abs,CUDA,512x512,Backward,87.5595,0.0875595,Unary
LMP,abs,CUDA,1024x1024,Forward,9.51923,0.00951923,Unary
LMP,abs,CUDA,1024x1024,Backward,91.3044,0.09130440000000001,Unary
LMP,sin,CPU,128x128,Forward,19.0539,0.0190539,Unary
LMP,sin,CPU,128x128,Backward,918.369,0.918369,Unary
LMP,sin,CPU,256x256,Forward,911.478,0.9114779999999999,Unary
LMP,sin,CPU,256x256,Backward,8952.62,8.952620000000001,Unary
LMP,sin,CPU,512x512,Forward,2685.14,2.68514,Unary
LMP,sin,CPU,512x512,Backward,17998.2,17.9982,Unary
LMP,sin,CPU,1024x1024,Forward,9043.58,9.04358,Unary
LMP,sin,CPU,1024x1024,Backward,94978.1,94.97810000000001,Unary
LMP,sin,CUDA,128x128,Forward,7.69156,0.00769156,Unary
LMP,sin,CUDA,128x128,Backward,26.9097,0.0269097,Unary
LMP,sin,CUDA,256x256,Forward,8.00548,0.00800548,Unary
LMP,sin,CUDA,256x256,Backward,26.5496,0.026549600000000003,Unary
LMP,sin,CUDA,512x512,Forward,8.20897,0.008208970000000001,Unary
LMP,sin,CUDA,512x512,Backward,25.9818,0.0259818,Unary
LMP,sin,CUDA,1024x1024,Forward,9.09232,0.009092320000000001,Unary
LMP,sin,CUDA,1024x1024,Backward,28.4592,0.0284592,Unary
LMP,cos,CPU,128x128,Forward,24.0902,0.0240902,Unary
LMP,cos,CPU,128x128,Backward,2103.2,2.1031999999999997,Unary
LMP,cos,CPU,256x256,Forward,517.625,0.517625,Unary
LMP,cos,CPU,256x256,Backward,9001.04,9.001040000000001,Unary
LMP,cos,CPU,512x512,Forward,1904.89,1.9048900000000002,Unary
LMP,cos,CPU,512x512,Backward,589.513,0.5895130000000001,Unary
LMP,cos,CPU,1024x1024,Forward,7859.29,7.85929,Unary
LMP,cos,CPU,1024x1024,Backward,93605.8,93.6058,Unary
LMP,cos,CUDA,128x128,Forward,7.57528,0.00757528,Unary
LMP,cos,CUDA,128x128,Backward,59.1301,0.0591301,Unary
LMP,cos,CUDA,256x256,Forward,8.01451,0.008014509999999999,Unary
LMP,cos,CUDA,256x256,Backward,58.5192,0.0585192,Unary
LMP,cos,CUDA,512x512,Forward,8.4012,0.0084012,Unary
LMP,cos,CUDA,512x512,Backward,57.1385,0.0571385,Unary
LMP,cos,CUDA,1024x1024,Forward,9.55799,0.00955799,Unary
LMP,cos,CUDA,1024x1024,Backward,62.3862,0.0623862,Unary
LMP,tan,CPU,128x128,Forward,13981.5,13.9815,Unary
LMP,tan,CPU,128x128,Backward,303013.0,303.013,Unary
LMP,tan,CPU,256x256,Forward,47589.6,47.5896,Unary
LMP,tan,CPU,256x256,Backward,202200.0,202.2,Unary
LMP,tan,CPU,512x512,Forward,54803.9,54.8039,Unary
LMP,tan,CPU,512x512,Backward,69123.2,69.1232,Unary
LMP,tan,CPU,1024x1024,Forward,12464.8,12.464799999999999,Unary
LMP,tan,CPU,1024x1024,Backward,95713.9,95.7139,Unary
LMP,tan,CUDA,128x128,Forward,7.68567,0.00768567,Unary
LMP,tan,CUDA,128x128,Backward,68.7135,0.0687135,Unary
LMP,tan,CUDA,256x256,Forward,7.84022,0.00784022,Unary
LMP,tan,CUDA,256x256,Backward,67.8899,0.0678899,Unary
LMP,tan,CUDA,512x512,Forward,7.88854,0.00788854,Unary
LMP,tan,CUDA,512x512,Backward,65.788,0.065788,Unary
LMP,tan,CUDA,1024x1024,Forward,9.69157,0.00969157,Unary
LMP,tan,CUDA,1024x1024,Backward,72.2013,0.07220130000000001,Unary
LMP,clamp,CPU,128x128,Forward,466.302,0.466302,Unary
LMP,clamp,CPU,128x128,Backward,2627.22,2.62722,Unary
LMP,clamp,CPU,256x256,Forward,7040.22,7.040220000000001,Unary
LMP,clamp,CPU,256x256,Backward,374.186,0.37418599999999996,Unary
LMP,clamp,CPU,512x512,Forward,7352.52,7.35252,Unary
LMP,clamp,CPU,512x512,Backward,33532.7,33.5327,Unary
LMP,clamp,CPU,1024x1024,Forward,18622.0,18.622,Unary
LMP,clamp,CPU,1024x1024,Backward,98773.5,98.7735,Unary
LMP,clamp,CUDA,128x128,Forward,7.62873,0.00762873,Unary
LMP,clamp,CUDA,128x128,Backward,101.216,0.101216,Unary
LMP,clamp,CUDA,256x256,Forward,7.88901,0.00788901,Unary
LMP,clamp,CUDA,256x256,Backward,101.749,0.10174899999999999,Unary
LMP,clamp,CUDA,512x512,Forward,8.06921,0.00806921,Unary
LMP,clamp,CUDA,512x512,Backward,97.9648,0.09796479999999999,Unary
LMP,clamp,CUDA,1024x1024,Forward,9.55434,0.00955434,Unary
LMP,clamp,CUDA,1024x1024,Backward,103.141,0.10314100000000001,Unary
LMP,sum,CPU,256x512,Forward,1334.5,1.3345,Reduction
LMP,sum,CPU,256x512,Backward,19978.3,19.9783,Reduction
LMP,sum,CPU,256x512,Forward,14475.1,14.475100000000001,Reduction
LMP,sum,CPU,256x512,Backward,100227.0,100.227,Reduction
LMP,sum,CPU,256x32,Forward,88939.0,88.939,Reduction
LMP,sum,CPU,256x32,Backward,96002.8,96.00280000000001,Reduction
LMP,sum,CPU,256x32,Forward,91688.7,91.6887,Reduction
LMP,sum,CPU,256x32,Backward,99744.9,99.7449,Reduction
LMP,sum,CPU,64x512,Forward,90854.9,90.8549,Reduction
LMP,sum,CPU,64x512,Backward,101999.0,101.999,Reduction
LMP,sum,CPU,64x512,Forward,91874.0,91.874,Reduction
LMP,sum,CPU,64x512,Backward,96004.3,96.0043,Reduction
LMP,sum,CPU,64x32,Forward,12318.0,12.318,Reduction
LMP,sum,CPU,64x32,Backward,100264.0,100.264,Reduction
LMP,sum,CPU,64x32,Forward,89002.0,89.002,Reduction
LMP,sum,CPU,64x32,Backward,99972.3,99.9723,Reduction
LMP,sum,CUDA,256x512,Forward,17.0127,0.0170127,Reduction
LMP,sum,CUDA,256x512,Backward,41.962,0.041962000000000006,Reduction
LMP,sum,CUDA,256x512,Forward,16.5592,0.0165592,Reduction
LMP,sum,CUDA,256x512,Backward,41.6498,0.0416498,Reduction
LMP,sum,CUDA,256x32,Forward,16.2919,0.016291899999999998,Reduction
LMP,sum,CUDA,256x32,Backward,43.0396,0.0430396,Reduction
LMP,sum,CUDA,256x32,Forward,16.2782,0.0162782,Reduction
LMP,sum,CUDA,256x32,Backward,43.0548,0.0430548,Reduction
LMP,sum,CUDA,64x512,Forward,16.8324,0.0168324,Reduction
LMP,sum,CUDA,64x512,Backward,43.2608,0.0432608,Reduction
LMP,sum,CUDA,64x512,Forward,16.8523,0.0168523,Reduction
LMP,sum,CUDA,64x512,Backward,42.9317,0.042931699999999996,Reduction
LMP,sum,CUDA,64x32,Forward,15.5499,0.015549899999999998,Reduction
LMP,sum,CUDA,64x32,Backward,42.9508,0.042950800000000004,Reduction
LMP,sum,CUDA,64x32,Forward,15.7662,0.0157662,Reduction
LMP,sum,CUDA,64x32,Backward,42.7845,0.0427845,Reduction
LMP,min,CPU,256x512,Forward,937.201,0.9372010000000001,Reduction
LMP,min,CPU,256x512,Backward,4092.41,4.09241,Reduction
LMP,min,CPU,256x512,Forward,9003.97,9.003969999999999,Reduction
LMP,min,CPU,256x512,Backward,3155.08,3.15508,Reduction
LMP,min,CPU,256x32,Forward,289.045,0.289045,Reduction
LMP,min,CPU,256x32,Backward,511.218,0.5112180000000001,Reduction
LMP,min,CPU,256x32,Forward,896.67,0.89667,Reduction
LMP,min,CPU,256x32,Backward,940.95,0.9409500000000001,Reduction
LMP,min,CPU,64x512,Forward,25.2403,0.0252403,Reduction
LMP,min,CPU,64x512,Backward,988.034,0.988034,Reduction
LMP,min,CPU,64x512,Forward,1834.65,1.8346500000000001,Reduction
LMP,min,CPU,64x512,Backward,2068.21,2.06821,Reduction
LMP,min,CPU,64x32,Forward,233.752,0.23375200000000002,Reduction
LMP,min,CPU,64x32,Backward,409.322,0.409322,Reduction
LMP,min,CPU,64x32,Forward,314.408,0.314408,Reduction
LMP,min,CPU,64x32,Backward,929.344,0.9293440000000001,Reduction
LMP,min,CUDA,256x512,Forward,16.6701,0.0166701,Reduction
LMP,min,CUDA,256x512,Backward,58.7755,0.0587755,Reduction
LMP,min,CUDA,256x512,Forward,16.8576,0.0168576,Reduction
LMP,min,CUDA,256x512,Backward,57.2094,0.0572094,Reduction
LMP,min,CUDA,256x32,Forward,16.3287,0.0163287,Reduction
LMP,min,CUDA,256x32,Backward,59.2166,0.0592166,Reduction
LMP,min,CUDA,256x32,Forward,16.2247,0.016224699999999998,Reduction
LMP,min,CUDA,256x32,Backward,59.0041,0.059004100000000004,Reduction
LMP,min,CUDA,64x512,Forward,16.9149,0.0169149,Reduction
LMP,min,CUDA,64x512,Backward,60.3599,0.0603599,Reduction
LMP,min,CUDA,64x512,Forward,17.0606,0.017060600000000002,Reduction
LMP,min,CUDA,64x512,Backward,60.3899,0.060389899999999996,Reduction
LMP,min,CUDA,64x32,Forward,16.4491,0.0164491,Reduction
LMP,min,CUDA,64x32,Backward,59.7397,0.0597397,Reduction
LMP,min,CUDA,64x32,Forward,15.9801,0.0159801,Reduction
LMP,min,CUDA,64x32,Backward,59.6469,0.0596469,Reduction
LMP,max,CPU,256x512,Forward,530.058,0.530058,Reduction
LMP,max,CPU,256x512,Backward,5906.49,5.90649,Reduction
LMP,max,CPU,256x512,Forward,421.54,0.42154,Reduction
LMP,max,CPU,256x512,Backward,9005.75,9.00575,Reduction
LMP,max,CPU,256x32,Forward,282.505,0.282505,Reduction
LMP,max,CPU,256x32,Backward,1278.23,1.27823,Reduction
LMP,max,CPU,256x32,Forward,137.218,0.13721799999999998,Reduction
LMP,max,CPU,256x32,Backward,832.873,0.8328730000000001,Reduction
LMP,max,CPU,64x512,Forward,8110.28,8.11028,Reduction
LMP,max,CPU,64x512,Backward,120.05,0.12005,Reduction
LMP,max,CPU,64x512,Forward,330.166,0.330166,Reduction
LMP,max,CPU,64x512,Backward,130311.0,130.311,Reduction
LMP,max,CPU,64x32,Forward,91724.9,91.72489999999999,Reduction
LMP,max,CPU,64x32,Backward,193005.0,193.005,Reduction
LMP,max,CPU,64x32,Forward,91000.2,91.00019999999999,Reduction
LMP,max,CPU,64x32,Backward,102731.0,102.731,Reduction
LMP,max,CUDA,256x512,Forward,16.7533,0.0167533,Reduction
LMP,max,CUDA,256x512,Backward,58.7803,0.058780299999999994,Reduction
LMP,max,CUDA,256x512,Forward,17.0107,0.0170107,Reduction
LMP,max,CUDA,256x512,Backward,58.0723,0.0580723,Reduction
LMP,max,CUDA,256x32,Forward,16.2879,0.0162879,Reduction
LMP,max,CUDA,256x32,Backward,59.2992,0.059299199999999996,Reduction
LMP,max,CUDA,256x32,Forward,16.5994,0.0165994,Reduction
LMP,max,CUDA,256x32,Backward,61.3653,0.0613653,Reduction
LMP,max,CUDA,64x512,Forward,16.8573,0.0168573,Reduction
LMP,max,CUDA,64x512,Backward,60.3323,0.0603323,Reduction
LMP,max,CUDA,64x512,Forward,16.9282,0.0169282,Reduction
LMP,max,CUDA,64x512,Backward,59.9936,0.0599936,Reduction
LMP,max,CUDA,64x32,Forward,15.771,0.015771,Reduction
LMP,max,CUDA,64x32,Backward,59.8427,0.0598427,Reduction
LMP,max,CUDA,64x32,Forward,15.9148,0.0159148,Reduction
LMP,max,CUDA,64x32,Backward,59.0941,0.0590941,Reduction
LMP,prod,CPU,256x512,Forward,984.315,0.984315,Reduction
LMP,prod,CPU,256x512,Backward,249.146,0.24914599999999998,Reduction
LMP,prod,CPU,256x512,Forward,1940.61,1.94061,Reduction
LMP,prod,CPU,256x512,Backward,1633.33,1.63333,Reduction
LMP,prod,CPU,256x32,Forward,27.3965,0.0273965,Reduction
LMP,prod,CPU,256x32,Backward,945.541,0.9455410000000001,Reduction
LMP,prod,CPU,256x32,Forward,153.389,0.153389,Reduction
LMP,prod,CPU,256x32,Backward,953.274,0.953274,Reduction
LMP,prod,CPU,64x512,Forward,201.451,0.201451,Reduction
LMP,prod,CPU,64x512,Backward,99.1507,0.0991507,Reduction
LMP,prod,CPU,64x512,Forward,204.622,0.20462200000000003,Reduction
LMP,prod,CPU,64x512,Backward,845.389,0.8453890000000001,Reduction
LMP,prod,CPU,64x32,Forward,114.235,0.114235,Reduction
LMP,prod,CPU,64x32,Backward,426.412,0.42641199999999996,Reduction
LMP,prod,CPU,64x32,Forward,254.864,0.254864,Reduction
LMP,prod,CPU,64x32,Backward,53.0911,0.053091099999999995,Reduction
LMP,prod,CUDA,256x512,Forward,17.2623,0.0172623,Reduction
LMP,prod,CUDA,256x512,Backward,60.3984,0.060398400000000005,Reduction
LMP,prod,CUDA,256x512,Forward,17.6856,0.0176856,Reduction
LMP,prod,CUDA,256x512,Backward,59.1613,0.0591613,Reduction
LMP,prod,CUDA,256x32,Forward,16.4166,0.0164166,Reduction
LMP,prod,CUDA,256x32,Backward,60.2637,0.0602637,Reduction
LMP,prod,CUDA,256x32,Forward,16.5126,0.0165126,Reduction
LMP,prod,CUDA,256x32,Backward,60.1159,0.06011590000000001,Reduction
LMP,prod,CUDA,64x512,Forward,17.0137,0.0170137,Reduction
LMP,prod,CUDA,64x512,Backward,61.3591,0.0613591,Reduction
LMP,prod,CUDA,64x512,Forward,17.0672,0.0170672,Reduction
LMP,prod,CUDA,64x512,Backward,60.4177,0.060417700000000005,Reduction
LMP,prod,CUDA,64x32,Forward,16.0281,0.0160281,Reduction
LMP,prod,CUDA,64x32,Backward,60.1439,0.0601439,Reduction
LMP,prod,CUDA,64x32,Forward,16.131,0.016131,Reduction
LMP,prod,CUDA,64x32,Backward,59.4207,0.0594207,Reduction
